0.87911117,0.80878419,0.79093874,0.78513563,0.78693902,0.6692909,0.55603456,0.63056535,0.50492346,0.51464504,0.38093489,0.39335313,0.36301479,0.29999173,0.30012229,0.16275151,0.22318111,0.04795666,0.14800671,0.079837285
0.58544391,0.30374455,0.0056694429,0.20703612,0.35305026,0.62736398,0.87815136,0.88418758,0.6721189,0.34158739,0.18321782,0.12098555,0.30141526,0.55881113,0.70431221,0.8774963,0.70845866,0.37275463,0.17983042,0.14819694
0.76164323,0.76358569,0.71356636,0.72477204,0.6188606,0.57393229,0.55564183,0.51323044,0.41118652,0.48192126,0.35412058,0.32156709,0.21317865,0.15627019,0.063817941,-0.040485468,0.079464875,-0.036573529,-0.13784045,-0.15113661
0.04739118,0.045924772,0.11763617,0.17290191,0.24478136,0.25008705,0.31662673,0.34699222,0.33549121,0.46477175,0.48031044,0.5738048,0.50753444,0.57750005,0.67467892,0.6183095,0.74318945,0.77322787,0.82062012,0.87451017
0.33150181,0.27112603,0.1762273,0.19424289,0.26810309,0.62556165,0.82137215,0.9044416,0.79812938,0.69872743,0.44737464,0.31912127,0.13130656,0.11853373,0.33025539,0.51785618,0.6098386,0.81322426,0.84209454,0.73144621
0.33416894,0.59304255,0.75276732,0.75951284,0.72369248,0.63496274,0.26559126,0.18502145,0.14241526,0.36265555,0.53104621,0.75070584,0.78546894,0.90748459,0.59247726,0.39994037,0.22373517,0.13526553,0.237785,0.39027846
0.95304728,0.83265293,0.5832805,0.32172316,0.15217242,0.12813351,0.20360552,0.52068776,0.785914,0.91854715,0.81185699,0.79488158,0.46074334,0.17580211,0.081261024,0.23546831,0.37610406,0.64242905,0.89297384,0.88117784
0.039284606,0.13021496,0.19209234,0.17979816,0.25049266,0.12669255,0.31590351,0.38596958,0.41637978,0.42689541,0.43940476,0.48112366,0.54268122,0.60512686,0.65442485,0.66327739,0.6473431,0.84348643,0.75122094,0.70272911
0.14092459,0.17737193,0.54254276,0.76368737,0.91616243,0.88774091,0.75570101,0.59642881,0.23103181,0.10908267,0.075828291,0.20789193,0.42051575,0.75648266,0.8311705,1.0247407,0.88562334,0.64139456,0.2625939,0.1350013
0.18342759,0.23877189,0.55469018,0.67552006,0.93128341,0.86571443,0.63037819,0.30249619,0.12137139,0.1126665,0.3459608,0.47092587,0.76291358,0.91959357,0.79905546,0.53709489,0.22050476,0.065000258,0.14013085,0.32016546
0.79095185,0.80883843,0.78601015,0.8029542,0.62635398,0.62173665,0.60213792,0.46894023,0.44805491,0.4181177,0.33914483,0.34200439,0.30527002,0.18815351,0.18936782,0.12644397,0.051466674,-0.037588596,0.02765763,-0.16053002
0.00039621574,0.17016335,0.34608757,0.58866221,0.76940018,0.89850295,0.91085064,0.89936942,0.66941357,0.36037993,0.082948208,0.01939697,0.030305499,0.27188459,0.37963587,0.62686539,0.81770229,0.79145569,0.93356204,0.79139835
0.094353296,0.12980717,0.20497926,0.26613879,0.24470939,0.348683,0.4821094,0.45795301,0.41785029,0.6326161,0.60104614,0.67214692,0.7412833,0.74682963,0.76757473,0.83310813,0.93355536,0.97115487,1.0089664,1.1796954
0.036094356,0.097899452,0.17592666,0.089968435,0.24338657,0.23868261,0.26055893,0.30353665,0.35731378,0.46738246,0.48703992,0.49145764,0.45107886,0.51375085,0.60649872,0.61775786,0.59744382,0.76456499,0.82884949,0.77446938
-0.10174884,0.060033802,0.12015539,0.13201682,0.14323138,0.25163519,0.29732722,0.31800729,0.32174426,0.39464664,0.43734226,0.48702547,0.54535311,0.5534817,0.52314532,0.62229449,0.69513595,0.69518054,0.76865202,0.76408708
0.86478335,0.68749857,0.71969628,0.66495371,0.70392436,0.61611569,0.58112997,0.56868273,0.49209675,0.3396709,0.44422987,0.36211646,0.27993098,0.26443541,0.28262615,0.19673842,0.10841082,0.098673232,-0.014095841,0.0063382471
0.86459523,0.66727257,0.68286955,0.72732085,0.67416996,0.63963479,0.59396029,0.56731093,0.4531647,0.54422611,0.43453911,0.37055379,0.36636841,0.30088216,0.29905441,0.1952651,0.15892702,0.067603402,0.062245686,0.053773977
0.060689978,0.03695754,-0.062946923,0.15890606,0.064950958,0.27517608,0.32870677,0.25568724,0.25820398,0.28598562,0.43887234,0.42453396,0.44412214,0.5012694,0.65726638,0.60958689,0.66892755,0.70988685,0.76136279,0.80290955
0.7693513,0.50874448,0.40772986,0.037971597,0.11871224,0.15845928,0.29336825,0.37503925,0.66438246,0.83863544,0.87882954,0.91442281,0.80707443,0.59767234,0.35588437,0.18773815,0.028573185,0.057717863,0.24678425,0.36258581
0.76032573,0.72502208,0.88409382,0.68283182,0.63648629,0.61797678,0.5263899,0.50421554,0.34566781,0.38190398,0.32914564,0.18658799,0.15036947,0.21746947,0.078200415,0.030605052,0.037067525,-0.054160308,-0.1979648,-0.16033088
0.76763237,0.7498306,0.71851307,0.65988487,0.56804055,0.5315727,0.65653145,0.589203,0.4538846,0.41768354,0.23816082,0.24208404,0.19976372,0.20368086,0.19043773,0.19714509,0.041295629,0.028046323,-0.078371145,-0.068680227
0.40276372,0.66706359,0.81744814,0.8948074,0.84655595,0.50812912,0.27758333,0.13004899,0.1985153,0.30850142,0.59111536,0.84085721,0.81109357,0.83110529,0.60415399,0.21994735,0.159549,0.088315681,0.2973792,0.53693241
0.94046861,0.86652011,0.77259964,0.90703446,0.73923427,0.63118941,0.64590192,0.57465887,0.55869299,0.56549948,0.48187071,0.55288571,0.47605833,0.40600383,0.37438616,0.35563219,0.32310423,0.25106511,0.292483,0.13262236
0.97083217,0.84377921,0.86666381,0.81012958,0.76154464,0.67586941,0.56292903,0.54561901,0.57639819,0.56119496,0.44040358,0.46205333,0.25223303,0.29430097,0.29656219,0.24562919,0.16200733,0.092373505,0.063069642,0.048109535
0.78804302,0.53689265,0.20922893,0.093114309,0.1076514,0.35487211,0.48340708,0.7821275,0.97588938,0.81542158,0.68638933,0.30099538,0.10399555,0.068529248,0.32671377,0.46964255,0.75066429,0.90762937,0.87391388,0.69152421
0.82918513,0.87810737,0.74110425,0.77263975,0.68795788,0.68485856,0.60516572,0.47604614,0.45696929,0.56124717,0.52154839,0.39859635,0.38741013,0.27545002,0.23901913,0.1646634,0.18667199,0.24895418,0.058551174,0.12199807
0.72271568,0.74729848,0.71057284,0.6955778,0.68412751,0.57118005,0.60774291,0.53701216,0.63075709,0.49120495,0.44559771,0.52434963,0.32492766,0.45507559,0.3584283,0.28695232,0.2556043,0.24526154,0.22742061,0.14282405
0.87615931,0.83462977,0.77640915,0.7161594,0.69436854,0.65018243,0.65181148,0.58012432,0.47288004,0.47380647,0.46802551,0.34339327,0.32629594,0.34210604,0.26361665,0.17211106,0.1823969,0.15600747,0.098421156,0.028493624
0.73276138,0.8346054,0.8069067,0.61677366,0.39164382,0.086797625,0.15058136,0.38902676,0.73007584,0.83304691,0.95762038,0.61686289,0.47812414,0.23721455,0.13701706,0.24403687,0.56563681,0.84632009,0.86126208,0.76205724
0.83117044,0.86882681,0.7877965,0.75735128,0.73108923,0.63378966,0.673594,0.59408206,0.63613319,0.52642453,0.51505011,0.47224367,0.47208285,0.44390053,0.33638746,0.2454119,0.25260916,0.19590807,0.20827776,0.12270484
0.85973501,0.86384821,0.78578275,0.71559209,0.58492088,0.79810256,0.57587099,0.60693824,0.46979389,0.5363853,0.38080931,0.380225,0.37269348,0.26661551,0.32598469,0.24833669,0.26218486,0.20823023,0.10437298,0.025204998
0.81772888,0.73650867,0.72720712,0.65099293,0.67207795,0.67714292,0.56774545,0.55619258,0.52681023,0.46001968,0.52818978,0.35566705,0.33594397,0.36991605,0.29529354,0.23987009,0.26669538,0.062283967,0.14678772,0.15609019
0.011087068,0.10382915,0.10538429,0.14419962,0.22229448,0.17699613,0.21674892,0.21834925,0.18860403,0.28580225,0.40556818,0.26985684,0.45529708,0.43286702,0.40595436,0.48644406,0.60367697,0.51789445,0.61777109,0.66650736
0.77236497,0.94783336,0.86283833,0.69913423,0.42791411,0.29945493,0.13604869,-0.002695285,0.29386631,0.55995965,0.75228626,0.98046905,0.8909117,0.70021391,0.5769825,0.28435001,0.14017993,0.087348424,0.08385922,0.38426429
0.65116745,0.79407209,0.87859768,0.71682739,0.53610557,0.32549971,0.19114302,0.11104815,0.32040367,0.55082583,0.70557272,0.82244182,0.7543906,0.64100856,0.40489602,0.16186307,0.22949907,0.33784875,0.43455747,0.61829478
-0.027438354,0.14441629,0.0982005,0.19525537,0.26152945,0.30739206,0.37915942,0.36343265,0.54088473,0.56230611,0.58480889,0.64502138,0.64053589,0.62390697,0.68487221,0.83511662,0.73257625,0.98957604,0.98435545,0.96695471
0.89172632,0.82943374,0.73089135,0.76593852,0.58870369,0.65901732,0.58866251,0.466162,0.48030987,0.52532136,0.35987806,0.27771232,0.26708218,0.2370154,0.24549599,0.098050416,0.10574023,0.017459203,0.018299052,-0.072174162
0.66963959,0.78978401,0.57267243,0.38808817,0.16593319,0.17867948,0.22401688,0.47363484,0.54002541,0.74619937,0.78306043,0.74157643,0.61603689,0.36873102,0.29613343,0.2312291,0.24040063,0.35942459,0.49732801,0.71309084
0.094646789,0.23020378,0.15630038,0.19402602,0.23341902,0.27862379,0.18854205,0.3693347,0.30087981,0.30353445,0.44346622,0.41225004,0.52024597,0.59857684,0.58009082,0.56449938,0.65458781,0.78596473,0.72332007,0.84304434
0.87959027,0.83221185,0.76952845,0.66838509,0.66769785,0.5605247,0.60934925,0.53126389,0.50824374,0.48114541,0.47582391,0.27126545,0.29048333,0.23546162,0.21299966,0.20698313,0.080518715,0.12027171,0.03855123,-0.1574652
0.059443172,0.18230253,0.14673655,0.21560915,0.29480714,0.34620076,0.39994258,0.46369106,0.42402229,0.42278361,0.58601344,0.61411136,0.57048225,0.66142982,0.64840877,0.63034308,0.80103624,0.80734932,0.83708513,0.95638561
-0.037900113,0.028245721,0.099745706,0.13766067,0.19749334,0.27291745,0.14320949,0.31873173,0.45544472,0.48633868,0.47441703,0.52748567,0.66599673,0.64684665,0.68298393,0.85254103,0.7915228,0.89448988,0.90825516,0.96333909
0.17657197,0.28557873,0.53623855,0.74926984,0.7441113,0.76764452,0.38742572,0.28742638,0.21781224,0.33719385,0.51732451,0.77536106,0.85810864,0.69954014,0.67012668,0.34868032,0.083281271,0.20700821,0.48552811,0.63129359
0.75182956,0.90455568,0.93592256,0.70097375,0.44850039,0.17127694,0.15348856,0.27858323,0.5655213,0.87554872,0.86455828,0.68347746,0.46487921,0.20276359,0.12270458,0.23206189,0.47679347,0.84974194,0.96308833,0.88379306
0.83340496,0.81488085,0.67813081,0.6905548,0.61787277,0.63212121,0.54562926,0.50928885,0.40459222,0.46133408,0.43421724,0.4196184,0.33755988,0.38625312,0.19044037,0.19592418,0.1147093,0.17754437,0.17879345,0.078886084
0.9074052,0.87706572,0.83668327,0.83299106,0.70554727,0.74412411,0.57318306,0.58495665,0.53057724,0.59150261,0.40470991,0.52601755,0.44458547,0.37637395,0.29906809,0.31483731,0.40850127,0.14212424,0.18690321,0.20222454
0.041972265,0.033749655,0.04261015,0.1585566,0.14183743,0.31473324,0.20232941,0.21127334,0.25200272,0.33036926,0.30928496,0.31332454,0.49078754,0.37915704,0.54918391,0.51289177,0.48507136,0.65383261,0.59267825,0.58481091
0.80809832,0.78546762,0.71442944,0.81555277,0.6342541,0.68857169,0.51827115,0.6381436,0.61505049,0.44261751,0.4729923,0.28795058,0.2828823,0.32114092,0.21587305,0.14084101,0.12127187,0.042843193,-0.0099566858,0.02329687
0.87400132,0.85302168,0.81097978,0.79476219,0.66334116,0.66283911,0.63121349,0.44802463,0.49686378,0.38491789,0.35183826,0.31411546,0.260306,0.18084696,0.18152909,0.14865468,0.055728756,-0.036023781,-0.055680037,-0.0026086571
0.29540604,0.1572617,0.037875649,0.17096947,0.46824422,0.70653963,0.83387643,0.8535611,0.83646876,0.66136259,0.43602046,0.19714957,0.11762935,0.17326379,0.3115249,0.35415122,0.67985797,0.87254143,0.94126987,0.75248712
-0.011145835,0.13208687,0.13095565,0.1681333,0.11220124,0.24300893,0.26491463,0.3585411,0.36945873,0.33814093,0.40038514,0.43357265,0.44638059,0.44127941,0.56393373,0.66585976,0.58165902,0.70258796,0.63774908,0.67063451
0.068379283,0.18968274,0.12092553,0.210913,0.30099869,0.28897133,0.38442343,0.35383308,0.41231138,0.5119741,0.56558949,0.6351825,0.6171512,0.68089569,0.74262375,0.78001547,0.73684257,0.8187989,0.96478069,0.87576318
0.11357535,0.13010201,0.13733497,0.19789286,0.32236528,0.31152987,0.28370032,0.36353248,0.41790688,0.5531646,0.53896797,0.70610327,0.67470068,0.69688183,0.71762812,0.83679408,0.82492137,0.84452254,0.96290714,0.9839102
0.20861179,0.11072111,0.1650587,0.27495474,0.18662156,0.23875384,0.31396833,0.32434714,0.3174549,0.4031018,0.43165666,0.51602417,0.43886366,0.5233466,0.65217763,0.72372711,0.59155405,0.73560792,0.69058764,0.73302782
0.1435075,0.14117165,0.25809181,0.4167338,0.63801539,0.58678353,0.7203812,0.83155644,0.74380612,0.65740824,0.54230195,0.28680304,0.18358451,0.18054402,0.2515941,0.37447393,0.54183489,0.62746745,0.78883487,0.8098262
0.13601038,0.083938643,0.16229238,0.095522687,0.23174359,0.32456517,0.23279269,0.4041205,0.34607685,0.41626662,0.31709701,0.54675519,0.48603714,0.53991359,0.53990591,0.59117585,0.73498333,0.68935597,0.79655725,0.77999467
0.38457197,0.74551696,0.77703762,0.82436639,0.83450216,0.51674902,0.28598562,0.19895877,0.051279474,0.23930494,0.49474749,0.66512281,0.87252742,0.87359852,0.88056523,0.61904824,0.30891731,0.26309139,0.14883748,0.25859705
0.81685704,0.76286387,0.69547874,0.66399258,0.64560443,0.58234644,0.55874801,0.47734359,0.46553469,0.42334557,0.31824845,0.24996467,0.30230024,0.18059294,0.16815329,0.092879884,-0.0024552445,-0.051981498,-0.042356387,-0.12485483
0.93467742,0.66990262,0.53697658,0.2161237,0.10477235,0.17641291,0.33822361,0.57590437,0.76662523,0.96330619,0.97067583,0.67165428,0.41654965,0.1082034,0.043170549,0.053245615,0.3059887,0.5366317,0.83940828,0.91546899
0.83806294,0.90412116,0.65486503,0.50390369,0.18397975,0.014555195,0.35033166,0.78087223,0.92880899,0.86612225,0.69078833,0.42701098,0.076904386,0.14093664,0.31817877,0.62109083,0.82748526,0.90043992,0.74429697,0.28175342
0.10639229,0.14766307,-0.0075000003,0.19389273,0.20462814,0.30422336,0.2035428,0.28675362,0.37310281,0.38875198,0.45251834,0.3682279,0.40547377,0.50063646,0.43399283,0.55698979,0.61327654,0.61542481,0.56224561,0.63273561
0.04342746,0.14966868,0.15683345,0.19200857,0.15304132,0.22215982,0.27567473,0.33563974,0.40497658,0.32403064,0.49512076,0.43197873,0.46985388,0.45815957,0.55133837,0.57946497,0.56529528,0.64859748,0.70538074,0.71488738
0.87149471,0.79541457,0.80543733,0.78463757,0.70086598,0.5704785,0.54646897,0.57627529,0.40786913,0.39841127,0.3213712,0.3197003,0.24464823,0.22910692,0.22961517,0.083393306,0.24720128,0.098984413,0.0099136066,0.045055784
0.61807221,0.32885692,0.15898576,0.18415615,0.20966317,0.38104889,0.76390868,0.89736259,0.94632298,0.6810385,0.38816127,0.27466458,0.095480338,0.21282214,0.45273951,0.6347574,1.0093051,0.77127451,0.6159566,0.49557605
0.9711948,0.80792576,0.68365937,0.81243539,0.63875347,0.57948571,0.54172546,0.52708733,0.47633225,0.56180561,0.37531862,0.29399845,0.25495687,0.26779982,0.33001998,0.13333583,0.14894654,0.15165229,0.056303144,0.014739227
0.78816932,0.74312872,0.62074441,0.67167956,0.61901444,0.61567479,0.51206481,0.4790372,0.43474045,0.38221496,0.34741834,0.28721982,0.32917053,0.21692094,0.19824582,0.15059331,0.034903917,-0.058776837,-0.062640138,-0.069038555
0.26894578,0.18967666,0.093320504,0.34245393,0.67259288,0.76948035,0.82165074,0.74476457,0.56951749,0.23542883,0.10349298,0.21671477,0.36147499,0.61648309,0.75962955,0.79680574,0.7079553,0.5493415,0.22786447,0.14634056
0.21820317,0.11912941,0.14686354,0.42575419,0.67793858,0.86930221,0.8836484,0.71801722,0.42438745,0.15252188,0.18204691,0.35187051,0.52357334,0.76101571,0.96106809,0.77660561,0.61156672,0.26570615,0.11465828,0.16215624
0.86831534,0.827254,0.79106605,0.72693139,0.79041505,0.57387352,0.54818606,0.57845646,0.53759336,0.41091681,0.47602451,0.31802669,0.30256718,0.26719201,0.25372759,0.1958593,0.17731045,0.15246047,0.11309966,-0.015481922
0.12999976,0.075814195,0.20554827,0.19992214,0.26836675,0.22450992,0.29096246,0.24794815,0.39630079,0.45369801,0.47364497,0.55006325,0.56252444,0.57717216,0.63672793,0.62009597,0.73185456,0.73766291,0.77888471,0.79358733
0.085424349,0.1698653,0.30179971,0.53368866,0.77113909,0.91848814,0.92783272,0.7551055,0.36739901,0.24319158,0.13634327,0.050145429,0.25415576,0.35174027,0.63753271,0.80683571,0.93855453,0.87032884,0.58131975,0.42426813
0.92061454,0.70674092,0.75106597,0.68177891,0.62903744,0.56208682,0.51689148,0.53037685,0.43557426,0.42884335,0.34300667,0.45785633,0.30940819,0.20668218,0.12951085,0.042773869,0.07597512,0.11930577,0.0041620033,-0.034819841
0.8880347,0.87309438,0.86251956,0.82786757,0.77315587,0.60965496,0.6719085,0.5987258,0.55326486,0.53628594,0.43855935,0.46903175,0.39071044,0.29814091,0.30826554,0.23605111,0.21945414,0.26387084,0.16839109,0.16960278
0.11154921,0.16537236,0.25583732,0.2949912,0.2565574,0.39447799,0.40651426,0.41793531,0.43771225,0.56829369,0.61226887,0.59568477,0.68223858,0.69332033,0.72271043,0.76305062,0.88729048,0.91923296,0.96988106,1.0103506
0.38786176,0.57186228,0.73787791,0.83923328,0.58097869,0.35552186,0.38661626,0.19774488,0.417923,0.59191501,0.8201291,0.79377443,0.62808979,0.45017475,0.22060758,0.22490776,0.32238537,0.63436395,0.68921977,0.7543143
0.76220882,0.84330308,0.70367265,0.43962422,0.24308206,0.29098177,0.28422689,0.50535011,0.74339789,0.80833626,0.73632061,0.46927816,0.38299185,0.17593765,0.25347567,0.46774355,0.63854045,0.75978309,0.78718734,0.60268402
0.93381763,0.82142419,0.68067211,0.69245189,0.69350988,0.68010354,0.57346356,0.60272765,0.48028505,0.39150703,0.43505737,0.33294246,0.38584083,0.32835782,0.20743622,0.14997226,0.1455173,0.14489074,0.048386328,-0.011018395
0.89582634,0.73708087,0.79046082,0.67950815,0.62821168,0.60651004,0.63615459,0.4834373,0.36550832,0.33838472,0.36403704,0.25248891,0.21602361,0.27028176,0.12132346,0.063760705,-0.040684324,-0.097355925,-0.13388976,-0.12380286
0.019115115,0.083689444,0.098556168,0.12079913,0.16344145,0.32657531,0.2679041,0.32801327,0.46858859,0.32872033,0.35387903,0.44768545,0.52048111,0.52436453,0.62105578,0.660218,0.62858367,0.75566512,0.71725333,0.86547303
0.88308996,0.71436936,0.67517161,0.66128254,0.66778755,0.62243593,0.48403168,0.4621397,0.39501926,0.49972287,0.39261487,0.36012757,0.17802165,0.25265837,0.1863202,0.20271827,0.031379137,0.13869989,0.059675042,0.01369743
0.85048848,0.59548283,0.37954351,0.25979096,0.22489114,0.17224638,0.40130842,0.60974526,0.88910311,0.94900364,0.75515586,0.54769456,0.41116756,0.23333707,0.1957441,0.21721795,0.35558516,0.71726245,0.75207692,0.81914794
0.019217933,0.019690832,0.15451887,0.17468329,0.25193113,0.27419546,0.28051817,0.33289906,0.314998,0.49409908,0.44583425,0.5428614,0.51913792,0.59534973,0.6630922,0.65768057,0.67039138,0.86719471,0.7807917,0.85891134
0.039932989,0.043391857,0.18175839,0.17457654,0.17263977,0.28843012,0.3073532,0.39787412,0.41489804,0.48572323,0.52264678,0.5979948,0.6839419,0.71844381,0.75730413,0.85955101,0.79141754,0.91891384,1.0201542,1.0407199
0.64115489,0.91567945,0.8257755,0.7555486,0.48645374,0.32261357,0.039234363,0.1210998,0.30845749,0.55627304,0.67471361,0.97307843,0.84931564,0.6748696,0.43342429,0.18434078,0.17210214,0.22776952,0.40601337,0.66480839
0.60695231,0.75707847,0.8211391,0.73873866,0.66490453,0.47273129,0.37408778,0.12338942,0.16726212,0.3302137,0.46085122,0.5969615,0.86318433,0.84606534,0.75117177,0.60533428,0.50232881,0.34945521,0.16014525,0.22153361
0.92550635,0.78007799,0.60380536,0.41675571,0.15289259,0.12458834,0.29259875,0.62335056,0.76960534,0.85078228,0.76644665,0.53536969,0.29417524,0.23064056,0.23200276,0.38127986,0.58947498,0.77560645,0.87292099,0.70170128
0.064238422,0.088512525,0.094323702,0.11167598,0.16848099,0.20149507,0.28491929,0.25216305,0.32190692,0.35563833,0.39655134,0.45010266,0.48599979,0.58133423,0.5487231,0.66961849,0.61472428,0.6446054,0.71200389,0.76321393
0.073635899,0.42689043,0.5397684,0.91301966,0.8717491,0.67358071,0.33030561,0.1466085,0.21746616,0.3559072,0.56734508,0.71722984,0.86554629,0.72451788,0.40655702,0.21571818,0.050301045,0.17316431,0.50071383,0.79581958
0.83695269,0.85119218,0.60533065,0.27980903,0.091726765,0.086129121,0.28909618,0.57099438,0.75133365,0.92122424,0.68371105,0.53546804,0.2567789,0.10063221,0.126258,0.37905306,0.6799621,0.8802889,0.85035771,0.6476922
0.73463589,0.71106964,0.7733438,0.58087152,0.61435199,0.55502683,0.51777333,0.51654154,0.39899585,0.42731604,0.37050492,0.19212136,0.23144671,0.1582202,0.13150176,0.041902825,0.026551818,0.050228536,-0.060549021,-0.17463823
-0.04838248,-0.014208171,0.10360042,0.1177959,0.21768415,0.3585135,0.28072008,0.30011421,0.35097024,0.40731633,0.50084966,0.48001233,0.55606669,0.50498676,0.55217612,0.63203102,0.72988647,0.68129295,0.8333376,0.76620865
0.095269144,0.14082025,0.10787369,0.29903433,0.22584578,0.2873632,0.38374957,0.45533347,0.50692153,0.51754665,0.59114343,0.62751722,0.61845547,0.7472235,0.77637577,0.88309199,0.90593845,1.0124549,1.0501423,1.1113678
0.85469717,0.73279721,0.72105712,0.6409632,0.58354324,0.48779109,0.60179609,0.52736551,0.60960436,0.42673373,0.39993566,0.28612825,0.34950802,0.21863665,0.31315088,0.28659794,0.024865128,0.043114614,-0.030327646,-0.049046878
0.1392334,0.12434868,0.14322411,0.20614736,0.23854516,0.23695239,0.31456763,0.32935679,0.33937931,0.36087108,0.33739164,0.43453386,0.46581849,0.44734505,0.58916473,0.55295259,0.53162754,0.59641659,0.64727169,0.67968136
0.49765456,0.1629944,0.079997398,0.25828397,0.53928488,0.8508482,0.90365356,0.7907849,0.41729987,0.060020909,0.056674533,0.19161348,0.50271738,0.78319848,0.94488853,0.73378319,0.48017555,0.054495208,0.11719983,0.21952689
-0.031574477,0.18913673,0.053824443,0.20413882,0.22243631,0.24812931,0.36563995,0.36310923,0.31274706,0.42351162,0.55710584,0.69846863,0.5648548,0.69041789,0.81614923,0.82630342,0.82952631,0.82955849,0.86394459,0.96795422
-0.05078011,0.024773026,0.021939145,0.16550682,0.20946874,0.15282241,0.33313513,0.25702015,0.25562444,0.30505016,0.45780149,0.36222655,0.51611125,0.57570082,0.65557611,0.63356078,0.75057054,0.71607804,0.82452124,0.77419323
0.8643111,0.86019862,0.78929031,0.72953659,0.71832514,0.65868515,0.67109412,0.59465766,0.53472257,0.4960255,0.47146028,0.45316806,0.4105472,0.32608479,0.31653303,0.29648015,0.29886812,0.28485078,0.19102871,0.20892839
0.31482249,0.21963206,0.20323622,0.46940604,0.61815995,0.80680114,0.92092836,0.66821522,0.48832616,0.27497402,0.2104875,0.1907464,0.37213376,0.59740144,0.75424284,0.79433739,0.77270555,0.54918557,0.30270123,0.2056814
0.76416242,0.35726777,0.11642556,0.046168234,0.27228642,0.53079134,0.6922909,0.96140683,0.77475381,0.56819957,0.30424008,0.13097541,0.18545417,0.37268692,0.62063408,0.7194562,0.85466939,0.68441385,0.39293051,0.25517842
0.82751209,0.84852386,0.71220028,0.69353449,0.66960484,0.62804604,0.64705426,0.54644954,0.5577724,0.52888918,0.49444395,0.45673183,0.34133643,0.31111512,0.25165528,0.31566551,0.30020121,0.26199222,0.27967525,0.15612282
0.15769447,0.06502524,0.11685314,0.47186533,0.59522647,0.83726048,0.88185304,0.78298235,0.60399526,0.34711674,0.12253875,0.046310514,0.078060187,0.52127051,0.75085562,0.93113863,0.93899542,0.78857625,0.46642771,0.25240606
0.92285693,0.79995918,0.77769375,0.74221075,0.76431745,0.64732623,0.61247897,0.58156544,0.5133844,0.55004168,0.49380133,0.38867551,0.4296717,0.42508245,0.46719199,0.34930301,0.38784662,0.29586011,0.3182615,0.15736838
0.01022363,0.11366004,0.19756027,0.22131073,0.22871701,0.26218593,0.28055435,0.36131424,0.45737383,0.50141668,0.54258782,0.54368347,0.60476112,0.63698816,0.70103329,0.73642999,0.79485917,0.80028313,0.84505492,0.96011841
0.16410768,0.040088445,0.29288772,0.40325585,0.52150118,0.73369652,0.91791075,0.81892109,0.8729949,0.65012372,0.46291721,0.27397877,0.12326211,0.13145544,0.14583907,0.28823987,0.51238298,0.63376099,0.74444795,0.88705128
0.023379048,0.1314926,0.15823802,0.13939591,0.22897609,0.20829034,0.22910181,0.22786009,0.34049383,0.33138359,0.35652003,0.3586396,0.37945509,0.43987417,0.5474574,0.50188857,0.64644891,0.62624216,0.6453557,0.60891366
-0.043186229,-0.024863204,0.14919226,0.14123854,0.10363142,0.21530364,0.24996218,0.29967421,0.42414483,0.34964576,0.32629925,0.43100712,0.43576172,0.5344075,0.55640578,0.60210329,0.59532523,0.68326128,0.67596412,0.76623946
0.00028549845,0.043653652,0.057565864,0.23521215,0.17834097,0.20341416,0.2992624,0.31294143,0.38964045,0.51596546,0.47482476,0.54259783,0.57459968,0.6313796,0.72989029,0.76342762,0.76770484,0.78618026,0.87395412,0.97023427
0.49260405,0.15118624,0.13438037,0.13817786,0.42329091,0.75120854,0.84789789,0.86773479,0.80007899,0.49652934,0.29358581,0.16558419,0.068412252,0.36339971,0.5984326,0.78335679,0.90099037,0.84649849,0.65819526,0.41808799
-0.03688962,0.10224672,0.10588485,0.12786311,0.18449885,0.20351374,0.32979095,0.40468302,0.46563625,0.43671554,0.47785345,0.55292076,0.60595858,0.63156658,0.65819067,0.60511404,0.59613192,0.75924462,0.74996555,0.79114377
0.024213158,0.038945053,0.026891127,0.092176624,0.19061166,0.12322192,0.22315568,0.15124546,0.25494394,0.24462566,0.42406994,0.30676463,0.42198098,0.50644267,0.53652394,0.58079815,0.63131583,0.63793254,0.6920464,0.68366867
0.015499014,0.081380673,0.10645638,0.2244076,0.21029942,0.38548884,0.25539097,0.29379779,0.45739672,0.35185346,0.52486813,0.29459998,0.45242569,0.59086227,0.63573682,0.61420727,0.5940991,0.65485442,0.73604518,0.74815905
0.82759112,0.79317796,0.70381773,0.69826615,0.66260546,0.6393382,0.63711905,0.48028919,0.48855516,0.46632648,0.38246828,0.2614271,0.27785105,0.22568746,0.15335286,0.17593788,0.10152204,0.06354057,0.037340261,-0.017618533
0.79230386,0.90605676,0.8065325,0.65094411,0.35262686,0.14641169,0.14286718,0.14685017,0.35062397,0.64718425,0.83833843,0.91924775,0.84981692,0.51931107,0.38033721,0.13298625,0.047567267,0.23084499,0.39252102,0.67360055
0.88858527,0.7604143,0.70670855,0.68931687,0.69355708,0.64616823,0.57903373,0.48772123,0.54812759,0.44275144,0.41654342,0.33708686,0.42537996,0.27597418,0.18815334,0.25651306,0.17380367,0.17805117,0.13646743,-0.033244103
0.092538595,0.08618883,0.15883628,0.19418809,0.19507369,0.20464374,0.37749204,0.4437393,0.38984284,0.44535416,0.47927064,0.59929293,0.65451401,0.59564424,0.66747099,0.70291716,0.78567272,0.8586359,0.9189648,0.89688873
0.26100984,0.38531792,0.58338803,0.77212542,0.82414919,0.64924234,0.45756125,0.34311259,0.11902677,0.22270828,0.41364488,0.54964268,0.9013471,0.78726697,0.69681567,0.4830482,0.32018432,0.26866773,0.30298442,0.43368265
0.86437297,0.8386029,0.72066289,0.68667758,0.64839971,0.64946949,0.59642667,0.58677244,0.5811016,0.44831124,0.44265318,0.41691738,0.25667036,0.30289006,0.18725134,0.19068868,0.14179206,0.20167896,0.076073453,0.032846127
0.78457093,0.78931892,0.70231211,0.77948326,0.58617181,0.69033289,0.6642741,0.58082455,0.53122354,0.57636708,0.43436038,0.43878344,0.37432629,0.39933604,0.30822644,0.28932834,0.32296377,0.2560252,0.23729503,0.27323338
0.81805801,0.75916564,0.76169074,0.69346768,0.61592948,0.58876765,0.62966049,0.57236028,0.53082359,0.54537183,0.39353693,0.42688528,0.25523505,0.3202008,0.24209447,0.22622767,0.16336656,0.24233092,0.11480357,0.12833576
0.019538542,0.10436524,0.015647294,0.14518419,0.35198101,0.22131525,0.23845579,0.30108091,0.31035256,0.35792443,0.39604917,0.3742983,0.5187645,0.50499076,0.58515996,0.57324016,0.6532197,0.63825321,0.82241827,0.76349831
0.053367894,0.059024058,0.095290117,0.15607196,0.29578215,0.33865723,0.32989854,0.3336212,0.47849631,0.49082974,0.51264173,0.58331633,0.57043105,0.695705,0.69609851,0.74864292,0.75317693,0.86649162,0.93316805,0.88926721
0.058099769,0.15028422,0.086778805,0.10294473,0.20324968,0.29266477,0.3335284,0.23543227,0.37021244,0.35215479,0.43609667,0.34659383,0.54282421,0.51421112,0.58149707,0.59951985,0.59406,0.70929104,0.69618648,0.72310507
0.80545431,0.89249998,0.96559542,0.87307811,0.6050598,0.45624113,0.24304181,0.16594742,0.10788517,0.26203394,0.46948129,0.73955446,0.77949357,0.89443564,0.87038994,0.72407097,0.52531832,0.30680963,0.049246442,0.082944222
0.72316384,0.80071026,0.78539437,0.79830444,0.65953809,0.63369399,0.55833679,0.54007703,0.60408676,0.64972317,0.49495104,0.48133299,0.47283891,0.34750834,0.36714342,0.38385516,0.20757602,0.30382499,0.2918435,0.24757957
0.81488132,0.71966523,0.7866565,0.67417806,0.58282632,0.59078664,0.57631606,0.53881073,0.54379076,0.46290603,0.46706358,0.46725366,0.34510854,0.3217791,0.39200538,0.30931783,0.29626864,0.21071827,0.18347608,0.14363405
0.83982241,0.8222304,0.63972557,0.29638538,0.10478738,0.1774864,0.21846582,0.46498471,0.776025,0.87124348,0.80089259,0.60259598,0.22736029,0.15669408,0.12778011,0.30511656,0.47274864,0.74549967,0.84698123,0.6772899
0.14431944,0.27818626,0.51783645,0.70038265,0.90394837,0.88666385,0.95594239,0.73860276,0.63530874,0.42550534,0.14718139,0.12621516,0.1123013,0.21389432,0.42363867,0.60128659,0.72243142,0.86963999,0.92855144,0.90523332
0.8180663,0.76153713,0.72817481,0.77017802,0.70563394,0.59275001,0.48974252,0.51519328,0.50237644,0.47220641,0.36457071,0.22250997,0.17789622,0.15086971,0.18815935,0.057488434,0.057339076,-0.094641887,-0.029521354,-0.095666669
0.0039502699,-0.052770142,0.020715004,0.13311081,0.20410812,0.26890934,0.30052194,0.33069441,0.32725397,0.44578943,0.57160312,0.56343114,0.55647784,0.64631367,0.70962167,0.79938328,0.7596857,0.8602531,0.91217583,0.9186942
0.75185734,0.9241178,0.89272189,0.94775242,0.70809346,0.39839384,0.14311631,0.12706998,0.11655529,0.2698071,0.36873987,0.67917985,0.81641454,0.96027148,0.82036752,0.64275771,0.37208861,0.1722056,0.042212944,0.089952715
0.61935061,0.84941727,0.96270406,0.8048839,0.59264088,0.40511358,0.23104176,0.11229342,0.19842422,0.21451119,0.41160634,0.60861427,0.7541244,0.94263959,0.95903498,0.78677744,0.64068097,0.43403116,0.06138524,0.041849598
0.061911624,0.13440885,0.15486352,0.20507666,0.34544352,0.31101364,0.37987712,0.39692667,0.44963115,0.56644648,0.55249637,0.59839517,0.69491231,0.7429921,0.80532217,0.82197255,0.77348059,0.94041574,0.98155069,1.0552744
0.84687573,0.79261351,0.70058739,0.66898513,0.56344104,0.61673194,0.48134807,0.43329108,0.44956714,0.34583923,0.35553715,0.22806697,0.16471595,0.13282116,0.078880347,0.024400644,0.012457375,-0.043937415,-0.11324991,-0.12900439
0.041551486,0.057924584,0.045739882,0.088951953,0.18026249,0.2292935,0.29986414,0.32802308,0.42479119,0.45232517,0.5431205,0.58356071,0.66399509,0.63654143,0.69084579,0.7302013,0.84105706,0.923657,0.99551296,0.99668962
0.16767746,0.119947,0.14339633,0.20035134,0.26890942,0.40126246,0.41524699,0.40238026,0.43446404,0.54940337,0.65158558,0.58327651,0.74072498,0.72787505,0.76266229,0.79964024,0.82856715,0.88870305,1.0225209,0.94200122
0.10752058,-0.028933575,0.10305881,0.19432841,0.13292159,0.14194961,0.20843294,0.28842294,0.34383211,0.33937559,0.28893986,0.34195811,0.41909495,0.37837324,0.46342328,0.6207431,0.48907927,0.63323724,0.56181705,0.62468702
0.087979972,0.17977302,0.46402618,0.77644539,0.91535497,0.78474599,0.59452599,0.20808095,0.10836421,0.15754068,0.43050131,0.7058658,0.84336048,0.94989622,0.52553946,0.245408,0.057986751,0.10359693,0.36297327,0.6749385
0.6949411,0.81707901,0.83999771,0.65520817,0.37171775,0.25284043,0.14686441,0.18199714,0.52490866,0.80049491,0.90942198,0.77163863,0.57159561,0.255784,0.1697062,0.15074395,0.36328804,0.71901584,0.86751252,0.78494841
0.87938517,0.80896074,0.74406928,0.73847896,0.68137741,0.59087908,0.55959016,0.58679813,0.4815568,0.38490131,0.44889477,0.46601579,0.35116994,0.24058016,0.2209042,0.23507844,0.19406198,0.13162513,0.081585154,0.057799343
0.086972997,0.099176019,0.090799302,0.16286464,0.16930892,0.13828173,0.2185789,0.18382213,0.24597064,0.26797459,0.35197079,0.43017572,0.37758511,0.46572152,0.36895144,0.45480072,0.5680204,0.62199318,0.6541146,0.6932708
0.11449415,0.097269557,0.16175081,0.087446705,0.2227319,0.24974823,0.33619729,0.26698536,0.43075123,0.34498626,0.50152117,0.50116485,0.47110066,0.65388048,0.52217978,0.60993093,0.66545165,0.71775615,0.73955506,0.80476075
0.87993294,0.79549056,0.81697786,0.69432461,0.56195068,0.69600517,0.65599924,0.70960444,0.56596357,0.54119527,0.57657385,0.31656668,0.34606975,0.28528872,0.36327636,0.2977055,0.30074716,0.15949242,0.16544177,0.16375716
0.94662142,0.84380966,0.86378038,0.77432543,0.76080632,0.73872006,0.57668072,0.65876043,0.48612511,0.43813294,0.48400214,0.35242793,0.30006364,0.34870741,0.2506893,0.19126026,0.13772212,0.084648564,0.098720521,0.035105754
